<?xml version="1.0" encoding="UTF-8"?>
<!-- MIPAV header file -->
<image xmlns:xsi="http://www.w3.org/2001/XMLSchema-instance" nDimensions="3">
	<Dataset-attributes>
		<Image-offset>0</Image-offset>
		<Data-type>Double</Data-type>
		<Endianess>Little</Endianess>
		<Extents>205</Extents>
		<Extents>256</Extents>
		<Extents>256</Extents>
		<Resolutions>
			<Resolution>1.0</Resolution>
			<Resolution>1.0</Resolution>
			<Resolution>1.0</Resolution>
		</Resolutions>
		<Slice-spacing>1.0</Slice-spacing>
		<Slice-thickness>0.0</Slice-thickness>
		<Units>Millimeters</Units>
		<Units>Millimeters</Units>
		<Units>Millimeters</Units>
		<Compression>none</Compression>
		<Orientation>Axial</Orientation>
		<Subject-axis-orientation>Right to Left</Subject-axis-orientation>
		<Subject-axis-orientation>Anterior to Posterior</Subject-axis-orientation>
		<Subject-axis-orientation>Inferior to Superior</Subject-axis-orientation>
		<Origin>-1.199997</Origin>
		<Origin>0.0</Origin>
		<Origin>0.0</Origin>
		<Modality>Magnetic Resonance</Modality>
		<LUT-functions>
			<Function-type>transfer</Function-type>
			<Point>0.0,255.0</Point>
			<Point>811458.25,170.0</Point>
			<Point>1622916.5,85.0</Point>
			<Point>2434374.8,0.0</Point>
		</LUT-functions>
		<LUT-functions>
			<Function-type>alpha</Function-type>
			<Point>0.0,0.0</Point>
			<Point>127.5,0.0</Point>
			<Point>255.0,0.0</Point>
		</LUT-functions>
		<LUT-functions>
			<Function-type>red</Function-type>
			<Point>0.0,255.0</Point>
			<Point>127.5,127.5</Point>
			<Point>255.0,0.0</Point>
		</LUT-functions>
		<LUT-functions>
			<Function-type>green</Function-type>
			<Point>0.0,255.0</Point>
			<Point>127.5,127.5</Point>
			<Point>255.0,0.0</Point>
		</LUT-functions>
		<LUT-functions>
			<Function-type>blue</Function-type>
			<Point>0.0,255.0</Point>
			<Point>127.5,127.5</Point>
			<Point>255.0,0.0</Point>
		</LUT-functions>
		<LUT>
			<LUValue>1.0,1.0,1.0,1.0</LUValue>
			<LUValue>1.0,0.99609375,0.99609375,0.99609375</LUValue>
			<LUValue>1.0,1.9921875,1.9921875,1.9921875</LUValue>
			<LUValue>1.0,2.9882812,2.9882812,2.9882812</LUValue>
			<LUValue>1.0,3.984375,3.984375,3.984375</LUValue>
			<LUValue>1.0,4.9804688,4.9804688,4.9804688</LUValue>
			<LUValue>1.0,5.9765625,5.9765625,5.9765625</LUValue>
			<LUValue>1.0,6.9726562,6.9726562,6.9726562</LUValue>
			<LUValue>1.0,7.96875,7.96875,7.96875</LUValue>
			<LUValue>1.0,8.964844,8.964844,8.964844</LUValue>
			<LUValue>1.0,9.9609375,9.9609375,9.9609375</LUValue>
			<LUValue>1.0,10.957031,10.957031,10.957031</LUValue>
			<LUValue>1.0,11.953125,11.953125,11.953125</LUValue>
			<LUValue>1.0,12.949219,12.949219,12.949219</LUValue>
			<LUValue>1.0,13.9453125,13.9453125,13.9453125</LUValue>
			<LUValue>1.0,14.941406,14.941406,14.941406</LUValue>
			<LUValue>1.0,15.9375,15.9375,15.9375</LUValue>
			<LUValue>1.0,16.933594,16.933594,16.933594</LUValue>
			<LUValue>1.0,17.929688,17.929688,17.929688</LUValue>
			<LUValue>1.0,18.925781,18.925781,18.925781</LUValue>
			<LUValue>1.0,19.921875,19.921875,19.921875</LUValue>
			<LUValue>1.0,20.917969,20.917969,20.917969</LUValue>
			<LUValue>1.0,21.914062,21.914062,21.914062</LUValue>
			<LUValue>1.0,22.910156,22.910156,22.910156</LUValue>
			<LUValue>1.0,23.90625,23.90625,23.90625</LUValue>
			<LUValue>1.0,24.902344,24.902344,24.902344</LUValue>
			<LUValue>1.0,25.898438,25.898438,25.898438</LUValue>
			<LUValue>1.0,26.894531,26.894531,26.894531</LUValue>
			<LUValue>1.0,27.890625,27.890625,27.890625</LUValue>
			<LUValue>1.0,28.886719,28.886719,28.886719</LUValue>
			<LUValue>1.0,29.882812,29.882812,29.882812</LUValue>
			<LUValue>1.0,30.878906,30.878906,30.878906</LUValue>
			<LUValue>1.0,31.875,31.875,31.875</LUValue>
			<LUValue>1.0,32.871094,32.871094,32.871094</LUValue>
			<LUValue>1.0,33.867188,33.867188,33.867188</LUValue>
			<LUValue>1.0,34.86328,34.86328,34.86328</LUValue>
			<LUValue>1.0,35.859375,35.859375,35.859375</LUValue>
			<LUValue>1.0,36.85547,36.85547,36.85547</LUValue>
			<LUValue>1.0,37.851562,37.851562,37.851562</LUValue>
			<LUValue>1.0,38.847656,38.847656,38.847656</LUValue>
			<LUValue>1.0,39.84375,39.84375,39.84375</LUValue>
			<LUValue>1.0,40.839844,40.839844,40.839844</LUValue>
			<LUValue>1.0,41.835938,41.835938,41.835938</LUValue>
			<LUValue>1.0,42.83203,42.83203,42.83203</LUValue>
			<LUValue>1.0,43.828125,43.828125,43.828125</LUValue>
			<LUValue>1.0,44.82422,44.82422,44.82422</LUValue>
			<LUValue>1.0,45.820312,45.820312,45.820312</LUValue>
			<LUValue>1.0,46.816406,46.816406,46.816406</LUValue>
			<LUValue>1.0,47.8125,47.8125,47.8125</LUValue>
			<LUValue>1.0,48.808594,48.808594,48.808594</LUValue>
			<LUValue>1.0,49.804688,49.804688,49.804688</LUValue>
			<LUValue>1.0,50.80078,50.80078,50.80078</LUValue>
			<LUValue>1.0,51.796875,51.796875,51.796875</LUValue>
			<LUValue>1.0,52.79297,52.79297,52.79297</LUValue>
			<LUValue>1.0,53.789062,53.789062,53.789062</LUValue>
			<LUValue>1.0,54.785156,54.785156,54.785156</LUValue>
			<LUValue>1.0,55.78125,55.78125,55.78125</LUValue>
			<LUValue>1.0,56.777344,56.777344,56.777344</LUValue>
			<LUValue>1.0,57.773438,57.773438,57.773438</LUValue>
			<LUValue>1.0,58.76953,58.76953,58.76953</LUValue>
			<LUValue>1.0,59.765625,59.765625,59.765625</LUValue>
			<LUValue>1.0,60.76172,60.76172,60.76172</LUValue>
			<LUValue>1.0,61.757812,61.757812,61.757812</LUValue>
			<LUValue>1.0,62.753906,62.753906,62.753906</LUValue>
			<LUValue>1.0,63.75,63.75,63.75</LUValue>
			<LUValue>1.0,64.74609,64.74609,64.74609</LUValue>
			<LUValue>1.0,65.74219,65.74219,65.74219</LUValue>
			<LUValue>1.0,66.73828,66.73828,66.73828</LUValue>
			<LUValue>1.0,67.734375,67.734375,67.734375</LUValue>
			<LUValue>1.0,68.73047,68.73047,68.73047</LUValue>
			<LUValue>1.0,69.72656,69.72656,69.72656</LUValue>
			<LUValue>1.0,70.72266,70.72266,70.72266</LUValue>
			<LUValue>1.0,71.71875,71.71875,71.71875</LUValue>
			<LUValue>1.0,72.71484,72.71484,72.71484</LUValue>
			<LUValue>1.0,73.71094,73.71094,73.71094</LUValue>
			<LUValue>1.0,74.70703,74.70703,74.70703</LUValue>
			<LUValue>1.0,75.703125,75.703125,75.703125</LUValue>
			<LUValue>1.0,76.69922,76.69922,76.69922</LUValue>
			<LUValue>1.0,77.69531,77.69531,77.69531</LUValue>
			<LUValue>1.0,78.69141,78.69141,78.69141</LUValue>
			<LUValue>1.0,79.6875,79.6875,79.6875</LUValue>
			<LUValue>1.0,80.68359,80.68359,80.68359</LUValue>
			<LUValue>1.0,81.67969,81.67969,81.67969</LUValue>
			<LUValue>1.0,82.67578,82.67578,82.67578</LUValue>
			<LUValue>1.0,83.671875,83.671875,83.671875</LUValue>
			<LUValue>1.0,84.66797,84.66797,84.66797</LUValue>
			<LUValue>1.0,85.66406,85.66406,85.66406</LUValue>
			<LUValue>1.0,86.66016,86.66016,86.66016</LUValue>
			<LUValue>1.0,87.65625,87.65625,87.65625</LUValue>
			<LUValue>1.0,88.65234,88.65234,88.65234</LUValue>
			<LUValue>1.0,89.64844,89.64844,89.64844</LUValue>
			<LUValue>1.0,90.64453,90.64453,90.64453</LUValue>
			<LUValue>1.0,91.640625,91.640625,91.640625</LUValue>
			<LUValue>1.0,92.63672,92.63672,92.63672</LUValue>
			<LUValue>1.0,93.63281,93.63281,93.63281</LUValue>
			<LUValue>1.0,94.62891,94.62891,94.62891</LUValue>
			<LUValue>1.0,95.625,95.625,95.625</LUValue>
			<LUValue>1.0,96.62109,96.62109,96.62109</LUValue>
			<LUValue>1.0,97.61719,97.61719,97.61719</LUValue>
			<LUValue>1.0,98.61328,98.61328,98.61328</LUValue>
			<LUValue>1.0,99.609375,99.609375,99.609375</LUValue>
			<LUValue>1.0,100.60547,100.60547,100.60547</LUValue>
			<LUValue>1.0,101.60156,101.60156,101.60156</LUValue>
			<LUValue>1.0,102.59766,102.59766,102.59766</LUValue>
			<LUValue>1.0,103.59375,103.59375,103.59375</LUValue>
			<LUValue>1.0,104.58984,104.58984,104.58984</LUValue>
			<LUValue>1.0,105.58594,105.58594,105.58594</LUValue>
			<LUValue>1.0,106.58203,106.58203,106.58203</LUValue>
			<LUValue>1.0,107.578125,107.578125,107.578125</LUValue>
			<LUValue>1.0,108.57422,108.57422,108.57422</LUValue>
			<LUValue>1.0,109.57031,109.57031,109.57031</LUValue>
			<LUValue>1.0,110.56641,110.56641,110.56641</LUValue>
			<LUValue>1.0,111.5625,111.5625,111.5625</LUValue>
			<LUValue>1.0,112.55859,112.55859,112.55859</LUValue>
			<LUValue>1.0,113.55469,113.55469,113.55469</LUValue>
			<LUValue>1.0,114.55078,114.55078,114.55078</LUValue>
			<LUValue>1.0,115.546875,115.546875,115.546875</LUValue>
			<LUValue>1.0,116.54297,116.54297,116.54297</LUValue>
			<LUValue>1.0,117.53906,117.53906,117.53906</LUValue>
			<LUValue>1.0,118.53516,118.53516,118.53516</LUValue>
			<LUValue>1.0,119.53125,119.53125,119.53125</LUValue>
			<LUValue>1.0,120.52734,120.52734,120.52734</LUValue>
			<LUValue>1.0,121.52344,121.52344,121.52344</LUValue>
			<LUValue>1.0,122.51953,122.51953,122.51953</LUValue>
			<LUValue>1.0,123.515625,123.515625,123.515625</LUValue>
			<LUValue>1.0,124.51172,124.51172,124.51172</LUValue>
			<LUValue>1.0,125.50781,125.50781,125.50781</LUValue>
			<LUValue>1.0,126.50391,126.50391,126.50391</LUValue>
			<LUValue>1.0,127.5,127.5,127.5</LUValue>
			<LUValue>1.0,128.4961,128.4961,128.4961</LUValue>
			<LUValue>1.0,129.49219,129.49219,129.49219</LUValue>
			<LUValue>1.0,130.48828,130.48828,130.48828</LUValue>
			<LUValue>1.0,131.48438,131.48438,131.48438</LUValue>
			<LUValue>1.0,132.48047,132.48047,132.48047</LUValue>
			<LUValue>1.0,133.47656,133.47656,133.47656</LUValue>
			<LUValue>1.0,134.47266,134.47266,134.47266</LUValue>
			<LUValue>1.0,135.46875,135.46875,135.46875</LUValue>
			<LUValue>1.0,136.46484,136.46484,136.46484</LUValue>
			<LUValue>1.0,137.46094,137.46094,137.46094</LUValue>
			<LUValue>1.0,138.45703,138.45703,138.45703</LUValue>
			<LUValue>1.0,139.45312,139.45312,139.45312</LUValue>
			<LUValue>1.0,140.44922,140.44922,140.44922</LUValue>
			<LUValue>1.0,141.44531,141.44531,141.44531</LUValue>
			<LUValue>1.0,142.4414,142.4414,142.4414</LUValue>
			<LUValue>1.0,143.4375,143.4375,143.4375</LUValue>
			<LUValue>1.0,144.4336,144.4336,144.4336</LUValue>
			<LUValue>1.0,145.42969,145.42969,145.42969</LUValue>
			<LUValue>1.0,146.42578,146.42578,146.42578</LUValue>
			<LUValue>1.0,147.42188,147.42188,147.42188</LUValue>
			<LUValue>1.0,148.41797,148.41797,148.41797</LUValue>
			<LUValue>1.0,149.41406,149.41406,149.41406</LUValue>
			<LUValue>1.0,150.41016,150.41016,150.41016</LUValue>
			<LUValue>1.0,151.40625,151.40625,151.40625</LUValue>
			<LUValue>1.0,152.40234,152.40234,152.40234</LUValue>
			<LUValue>1.0,153.39844,153.39844,153.39844</LUValue>
			<LUValue>1.0,154.39453,154.39453,154.39453</LUValue>
			<LUValue>1.0,155.39062,155.39062,155.39062</LUValue>
			<LUValue>1.0,156.38672,156.38672,156.38672</LUValue>
			<LUValue>1.0,157.38281,157.38281,157.38281</LUValue>
			<LUValue>1.0,158.3789,158.3789,158.3789</LUValue>
			<LUValue>1.0,159.375,159.375,159.375</LUValue>
			<LUValue>1.0,160.3711,160.3711,160.3711</LUValue>
			<LUValue>1.0,161.36719,161.36719,161.36719</LUValue>
			<LUValue>1.0,162.36328,162.36328,162.36328</LUValue>
			<LUValue>1.0,163.35938,163.35938,163.35938</LUValue>
			<LUValue>1.0,164.35547,164.35547,164.35547</LUValue>
			<LUValue>1.0,165.35156,165.35156,165.35156</LUValue>
			<LUValue>1.0,166.34766,166.34766,166.34766</LUValue>
			<LUValue>1.0,167.34375,167.34375,167.34375</LUValue>
			<LUValue>1.0,168.33984,168.33984,168.33984</LUValue>
			<LUValue>1.0,169.33594,169.33594,169.33594</LUValue>
			<LUValue>1.0,170.33203,170.33203,170.33203</LUValue>
			<LUValue>1.0,171.32812,171.32812,171.32812</LUValue>
			<LUValue>1.0,172.32422,172.32422,172.32422</LUValue>
			<LUValue>1.0,173.32031,173.32031,173.32031</LUValue>
			<LUValue>1.0,174.3164,174.3164,174.3164</LUValue>
			<LUValue>1.0,175.3125,175.3125,175.3125</LUValue>
			<LUValue>1.0,176.3086,176.3086,176.3086</LUValue>
			<LUValue>1.0,177.30469,177.30469,177.30469</LUValue>
			<LUValue>1.0,178.30078,178.30078,178.30078</LUValue>
			<LUValue>1.0,179.29688,179.29688,179.29688</LUValue>
			<LUValue>1.0,180.29297,180.29297,180.29297</LUValue>
			<LUValue>1.0,181.28906,181.28906,181.28906</LUValue>
			<LUValue>1.0,182.28516,182.28516,182.28516</LUValue>
			<LUValue>1.0,183.28125,183.28125,183.28125</LUValue>
			<LUValue>1.0,184.27734,184.27734,184.27734</LUValue>
			<LUValue>1.0,185.27344,185.27344,185.27344</LUValue>
			<LUValue>1.0,186.26953,186.26953,186.26953</LUValue>
			<LUValue>1.0,187.26562,187.26562,187.26562</LUValue>
			<LUValue>1.0,188.26172,188.26172,188.26172</LUValue>
			<LUValue>1.0,189.25781,189.25781,189.25781</LUValue>
			<LUValue>1.0,190.2539,190.2539,190.2539</LUValue>
			<LUValue>1.0,191.25,191.25,191.25</LUValue>
			<LUValue>1.0,192.2461,192.2461,192.2461</LUValue>
			<LUValue>1.0,193.24219,193.24219,193.24219</LUValue>
			<LUValue>1.0,194.23828,194.23828,194.23828</LUValue>
			<LUValue>1.0,195.23438,195.23438,195.23438</LUValue>
			<LUValue>1.0,196.23047,196.23047,196.23047</LUValue>
			<LUValue>1.0,197.22656,197.22656,197.22656</LUValue>
			<LUValue>1.0,198.22266,198.22266,198.22266</LUValue>
			<LUValue>1.0,199.21875,199.21875,199.21875</LUValue>
			<LUValue>1.0,200.21484,200.21484,200.21484</LUValue>
			<LUValue>1.0,201.21094,201.21094,201.21094</LUValue>
			<LUValue>1.0,202.20703,202.20703,202.20703</LUValue>
			<LUValue>1.0,203.20312,203.20312,203.20312</LUValue>
			<LUValue>1.0,204.19922,204.19922,204.19922</LUValue>
			<LUValue>1.0,205.19531,205.19531,205.19531</LUValue>
			<LUValue>1.0,206.1914,206.1914,206.1914</LUValue>
			<LUValue>1.0,207.1875,207.1875,207.1875</LUValue>
			<LUValue>1.0,208.1836,208.1836,208.1836</LUValue>
			<LUValue>1.0,209.17969,209.17969,209.17969</LUValue>
			<LUValue>1.0,210.17578,210.17578,210.17578</LUValue>
			<LUValue>1.0,211.17188,211.17188,211.17188</LUValue>
			<LUValue>1.0,212.16797,212.16797,212.16797</LUValue>
			<LUValue>1.0,213.16406,213.16406,213.16406</LUValue>
			<LUValue>1.0,214.16016,214.16016,214.16016</LUValue>
			<LUValue>1.0,215.15625,215.15625,215.15625</LUValue>
			<LUValue>1.0,216.15234,216.15234,216.15234</LUValue>
			<LUValue>1.0,217.14844,217.14844,217.14844</LUValue>
			<LUValue>1.0,218.14453,218.14453,218.14453</LUValue>
			<LUValue>1.0,219.14062,219.14062,219.14062</LUValue>
			<LUValue>1.0,220.13672,220.13672,220.13672</LUValue>
			<LUValue>1.0,221.13281,221.13281,221.13281</LUValue>
			<LUValue>1.0,222.1289,222.1289,222.1289</LUValue>
			<LUValue>1.0,223.125,223.125,223.125</LUValue>
			<LUValue>1.0,224.1211,224.1211,224.1211</LUValue>
			<LUValue>1.0,225.11719,225.11719,225.11719</LUValue>
			<LUValue>1.0,226.11328,226.11328,226.11328</LUValue>
			<LUValue>1.0,227.10938,227.10938,227.10938</LUValue>
			<LUValue>1.0,228.10547,228.10547,228.10547</LUValue>
			<LUValue>1.0,229.10156,229.10156,229.10156</LUValue>
			<LUValue>1.0,230.09766,230.09766,230.09766</LUValue>
			<LUValue>1.0,231.09375,231.09375,231.09375</LUValue>
			<LUValue>1.0,232.08984,232.08984,232.08984</LUValue>
			<LUValue>1.0,233.08594,233.08594,233.08594</LUValue>
			<LUValue>1.0,234.08203,234.08203,234.08203</LUValue>
			<LUValue>1.0,235.07812,235.07812,235.07812</LUValue>
			<LUValue>1.0,236.07422,236.07422,236.07422</LUValue>
			<LUValue>1.0,237.07031,237.07031,237.07031</LUValue>
			<LUValue>1.0,238.0664,238.0664,238.0664</LUValue>
			<LUValue>1.0,239.0625,239.0625,239.0625</LUValue>
			<LUValue>1.0,240.0586,240.0586,240.0586</LUValue>
			<LUValue>1.0,241.05469,241.05469,241.05469</LUValue>
			<LUValue>1.0,242.05078,242.05078,242.05078</LUValue>
			<LUValue>1.0,243.04688,243.04688,243.04688</LUValue>
			<LUValue>1.0,244.04297,244.04297,244.04297</LUValue>
			<LUValue>1.0,245.03906,245.03906,245.03906</LUValue>
			<LUValue>1.0,246.03516,246.03516,246.03516</LUValue>
			<LUValue>1.0,247.03125,247.03125,247.03125</LUValue>
			<LUValue>1.0,248.02734,248.02734,248.02734</LUValue>
			<LUValue>1.0,249.02344,249.02344,249.02344</LUValue>
			<LUValue>1.0,250.01953,250.01953,250.01953</LUValue>
			<LUValue>1.0,251.01562,251.01562,251.01562</LUValue>
			<LUValue>1.0,252.01172,252.01172,252.01172</LUValue>
			<LUValue>1.0,253.00781,253.00781,253.00781</LUValue>
			<LUValue>1.0,254.0039,254.0039,254.0039</LUValue>
		</LUT>
	</Dataset-attributes>
</image>
